[{
  "_id": {
    "$oid": "655eeaaa3c4bf391c71a8f0f"
  },
  "title": "Traffic prediction using YOLO algorithm",
  "journal": "Metaverse Basic and Applied Research",
  "publisher": "Editorial Salud Ciencia y Tecnologia",
  "year": "2022",
  "authors": [
    "John",
    "Michael"
  ]
},
{
  "_id": {
    "$oid": "655eeba73c4bf391c71a8f10"
  },
  "title": "Cancer Prediction using deep learning models",
  "journal": "Science China Information Sciences",
  "publisher": "Science Press",
  "year": "2021",
  "authors": [
    "Austin",
    "Xian Chu"
  ]
},
{
  "_id": {
    "$oid": "655eebdd3c4bf391c71a8f11"
  },
  "title": "Block chain: A study",
  "journal": "Blockchain Research and Applications",
  "publisher": "Zhejiang University Press",
  "year": "2022",
  "authors": [
    "Kiara",
    "Zolanki"
  ]
}]