[{
  "_id": {
    "$oid": "655eebf13c4bf391c71a8f13"
  },
  "name": "Michael",
  "institution": "ABC University",
  "contact": {
    "primary_phone_number": "8073563253",
    "secondary_phone_number": "6578902347",
    "primary_email": "michael@abcuniv.ca",
    "secondary_email": "michaeldechong@gmail.com"
  },
  "interest": "Machine Learning",
  "following": [
    "John",
    "Austin"
  ]
},
{
  "_id": {
    "$oid": "655eecf33c4bf391c71a8f14"
  },
  "name": "Catheline",
  "institution": "ABC University",
  "contact": {
    "primary_phone_number": "80747689367",
    "secondary_phone_number": "6378470968",
    "primary_email": "catheline@abcuniv.ca",
    "secondary_email": "cathelinedecruse@gmail.com"
  },
  "interest": "block chain",
  "following": [
    "Austin",
    "Kaira"
  ]
},
{
  "_id": {
    "$oid": "655eed293c4bf391c71a8f15"
  },
  "name": "Victory",
  "institution": "ABC University",
  "contact": {
    "primary_phone_number": "8087649367",
    "secondary_phone_number": "6371234568",
    "primary_email": "victory@abcuniv.ca",
    "secondary_email": "victorycandel@gmail.com"
  },
  "interest": "networks",
  "following": [
    "Kaira"
  ]
}]