[{
  "_id": {
    "$oid": "655ee8213c4bf391c71a8f0b"
  },
  "name": "Johnml",
  "institution": "ABC University",
  "branch": "CSE",
  "keyword": "ML",
  "papers": [
    {
      "doi": "IEEE12345"
    },
    {
      "doi": "IEEE67890"
    }
  ],
  "contact": {
    "primary_phone_number": "8073564567",
    "secondary_phone_number": "80734598765",
    "primary_email": "john@abcuniv.ca",
    "secondary_email": "john123@gmail.com",
    "website": "www.johnabraham.com",
    "linkedIn": "john_abraham"
  }
},
{
  "_id": {
    "$oid": "655ee9c73c4bf391c71a8f0c"
  },
  "name": "Austin",
  "institution": "ABC University",
  "branch": "ECE",
  "keyword": "Embeded Systems",
  "papers": [
    {
      "doi": "IEEE847458"
    },
    {
      "doi": "IEEE934734"
    }
  ],
  "contact": {
    "primary_phone_number": "8073563748",
    "secondary_phone_number": "8073873460",
    "primary_email": "austin@abcuniv.ca",
    "secondary_email": "austincorn@gmail.com",
    "website": "www.austincornwell.com",
    "linkedIn": "austin_cornwell"
  }
},
{
  "_id": {
    "$oid": "655eea9d3c4bf391c71a8f0d"
  },
  "name": "Kaira",
  "institution": "ABC University",
  "branch": "CSE",
  "keyword": "AI",
  "papers": [
    {
      "doi": "IEEE98765"
    },
    {
      "doi": "IEEE12897"
    }
  ],
  "contact": {
    "primary_phone_number": "4573897653",
    "secondary_phone_number": "8073894736",
    "primary_email": "kaira@abcuniv.ca",
    "secondary_email": "kairadesosa@gmail.com",
    "website": "www.kairadesosa.com",
    "linkedIn": "kaira_desosa"
  }
}]