[{
  "_id": {
    "$oid": "655eed393c4bf391c71a8f17"
  },
  "title": "Fingerprint voting system",
  "keyword": "webpage",
  "position_open": true,
  "no_of_positions": 2,
  "branch": "CSE",
  "prof_name": "John",
  "description": "Develop an online bookstore platform that allows users to browse, search, and purchase books. Users can create accounts, view book details, add books to their cart, and complete purchases. The platform includes an admin dashboard for managing books, orders, and user accounts. Implement features like book categories, recommendations, and a secure payment gateway."
},
{
  "_id": {
    "$oid": "655eede33c4bf391c71a8f18"
  },
  "title": "Deduplication in cloud computing",
  "keyword": "cloud computing",
  "position_open": true,
  "no_of_positions": 1,
  "branch": "CSE",
  "prof_name": "Austin",
  "description": "Build a task management application that enables users to create, assign, and track tasks within teams or projects. Users can create tasks, set due dates, assign them to team members, and monitor progress. Implement features such as task status updates, priority levels, user notifications, and a dashboard for visualizing task progress."
},
{
  "_id": {
    "$oid": "655eee233c4bf391c71a8f19"
  },
  "title": "IOT based home automation system",
  "keyword": "automation",
  "position_open": true,
  "no_of_positions": 3,
  "branch": "ECE",
  "prof_name": "Kaira",
  "description": "Develop a fitness tracking and workout planner application that allows users to set fitness goals, track workouts, and plan exercise routines. Users can log their workouts, track progress over time, view statistics, and receive recommendations for customized workout plans. Include features for different exercise categories, progress graphs, and personalized recommendations based on user data."
}]